Question,Prompt_ID,Response
What was NVIDIA's total revenue in Q3 FY25?,1,NVIDIA's total revenue in Q3 FY25 was $35.082 billion.
What was NVIDIA's total revenue in Q3 FY25?,2,NVIDIA's total revenue in Q3 FY25 was $35.1 billion.
What was NVIDIA's total revenue in Q3 FY25?,3,"- Total revenue in Q3 FY25 was $35.1 billion
- Data Center revenue in Q3 FY25 was a record $30.771 billion
- Gaming revenue in Q3 FY25 was $3.279 billion"
What was NVIDIA's total revenue in Q3 FY25?,4,"NVIDIA's total revenue in Q3 FY25 was $35.1 billion. This is supported by the statement ""Revenue was a record $35.1 billion, up 94% from a year ago and up 17% sequentially."""
What was NVIDIA's total revenue in Q3 FY25?,5,NVIDIA's total revenue in Q3 FY25 was $35.1 billion.
Which segment contributed the most to revenue growth?,1,The Data Center segment contributed the most to revenue growth.
Which segment contributed the most to revenue growth?,2,"The Data Center segment contributed the most to revenue growth, with revenue increasing by 112% year-over-year and 17% sequentially."
Which segment contributed the most to revenue growth?,3,"- Compute & Networking segment had the highest revenue growth, up 112% year-over-year
- Data Center platform contributed significantly to revenue growth, with revenue up 112% year-over-year
- Gaming segment also saw substantial revenue growth, up 15% year-over-year"
Which segment contributed the most to revenue growth?,4,"The Data Center segment contributed the most to revenue growth. This is evident from the statement ""Data Center revenue was a record, up 112% from a year ago and up 17% sequentially."" Additionally, the report mentions that ""Data Center compute revenue was $27.6 billion, up 132% from a year ago and up 22% sequentially."" These figures indicate significant growth in the Data Center segment, making it the primary contributor to revenue growth."
Which segment contributed the most to revenue growth?,5,Data Center segment contributed the most to revenue growth.
How did the Data Center business perform compared to last year?,1,"The Data Center business performed significantly better compared to last year, with revenue up 112%."
How did the Data Center business perform compared to last year?,2,"The Data Center business performed exceptionally well compared to last year, with revenue up 112% year-over-year. This growth was primarily driven by strong demand for the Hopper computing platform for training and inferencing of large language models, recommendation engines, and generative AI applications. Cloud service providers represented approximately 50% of Data Center revenue, with the remainder coming from consumer internet and enterprise companies. Additionally, Data Center compute revenue saw a significant increase of 132% year-over-year."
How did the Data Center business perform compared to last year?,3,"- Data Center revenue was a record $30.8 billion, up 112% from a year ago
- Data Center compute revenue was $27.6 billion, up 132% from a year ago
- Networking revenue was $3.1 billion, up 20% from a year ago"
How did the Data Center business perform compared to last year?,4,"The Data Center business performed exceptionally well compared to last year. The report states that Data Center revenue was a record, up 112% from a year ago. Additionally, Data Center compute revenue was $27.6 billion, up 132% from a year ago. The strong year-on-year growth was driven by demand for their Hopper computing platform."
How did the Data Center business perform compared to last year?,5,The Data Center business revenue was up 112% from a year ago.
What guidance did NVIDIA provide for Q4 FY25?,1,"NVIDIA provided the following guidance for Q4 FY25:
- Revenue is expected to be $37.5 billion, plus or minus 2%.
- GAAP and non-GAAP gross margins are expected to be 73.0% and 73.5%, respectively, plus or minus 50 basis points.
- GAAP and non-GAAP operating expenses are expected to be approximately $4.8 billion and $3.4 billion, respectively.
- GAAP and non-GAAP other income and expense are expected to be an income of approximately $400 million, excluding gains and losses from non-affiliated investments and publicly-held equity securities.
- GAAP and non-GAAP tax rates are expected to be 16.5%, plus or minus 1%, excluding any discrete items."
What guidance did NVIDIA provide for Q4 FY25?,2,"NVIDIA provided the following guidance for Q4 FY25:
- Revenue is expected to be $37.5 billion, plus or minus 2%
- GAAP and non-GAAP gross margins are expected to be 73.0% and 73.5%, respectively, plus or minus 50 basis points
- GAAP and non-GAAP operating expenses are expected to be approximately $4.8 billion and $3.4 billion, respectively
- GAAP and non-GAAP other income and expense are expected to be an income of approximately $400 million, excluding gains and losses from non-affiliated investments and publicly-held equity securities
- GAAP and non-GAAP tax rates are expected to be 16.5%, plus or minus 1%, excluding any discrete items"
What guidance did NVIDIA provide for Q4 FY25?,3,"- Revenue is expected to be $37.5 billion, plus or minus 2%
- GAAP and non-GAAP gross margins are expected to be 73.0% and 73.5%, respectively, plus or minus 50 basis points
- GAAP and non-GAAP operating expenses are expected to be approximately $4.8 billion and $3.4 billion, respectively"
What guidance did NVIDIA provide for Q4 FY25?,4,"NVIDIA provided the following guidance for Q4 FY25:
- Revenue is expected to be $37.5 billion, plus or minus 2%.
- GAAP and non-GAAP gross margins are expected to be 73.0% and 73.5%, respectively, plus or minus 50 basis points.
- GAAP and non-GAAP operating expenses are expected to be approximately $4.8 billion and $3.4 billion, respectively.
- GAAP and non-GAAP other income and expense are expected to be an income of approximately $400 million, excluding gains and losses from non-affiliated investments and publicly-held equity securities.
- GAAP and non-GAAP tax rates are expected to be 16.5%, plus or minus 1%, excluding any discrete items."
What guidance did NVIDIA provide for Q4 FY25?,5,"Revenue is expected to be $37.5 billion, plus or minus 2%."
What were the key drivers of NVIDIA's overall growth this quarter?,1,"The key drivers of NVIDIA's overall growth this quarter were the strong demand for their Hopper computing platform in the Data Center segment, sales of GeForce RTX 40 Series GPUs and game console SoCs in the Gaming segment, continued ramp of RTX GPU workstations in the Professional Visualization segment, and self-driving platforms in the Automotive segment."
What were the key drivers of NVIDIA's overall growth this quarter?,2,"The key drivers of NVIDIA's overall growth this quarter were strong performance in the Data Center segment, particularly driven by demand for the Hopper computing platform, as well as growth in Gaming, Professional Visualization, and Automotive segments. Data Center revenue saw a significant increase of 112% year-over-year and 17% sequentially, with demand from cloud service providers and enterprise companies. Gaming revenue also increased, supported by sales of GeForce RTX 40 Series GPUs and game console SoCs. Professional Visualization and Automotive segments also saw growth, contributing to the overall revenue increase of 94% year-over-year and 17% sequentially."
What were the key drivers of NVIDIA's overall growth this quarter?,3,"- Revenue for Q3 FY25 was a record $35.1 billion, up 94% from a year ago and up 17% sequentially, with Data Center revenue being a record and up 112% from a year ago.
- Gaming revenue was up 15% from a year ago and up 14% sequentially, driven by sales of GeForce RTX 40 Series GPUs and game console SoCs.
- Automotive revenue was a record, up 72% from a year ago and up 30% sequentially, driven by self-driving platforms."
What were the key drivers of NVIDIA's overall growth this quarter?,4,"The key drivers of NVIDIA's overall growth this quarter were the strong performance in the Data Center segment, with revenue up 112% from a year ago and up 17% sequentially. This growth was driven by demand for the Hopper computing platform for training and inferencing of large language models, recommendation engines, and generative AI applications. Additionally, the Gaming segment saw revenue increase by 15% from a year ago and 14% sequentially, driven by sales of GeForce RTX 40 Series GPUs and game console SoCs. The Professional Visualization segment also contributed to growth, with revenue up 17% from a year ago and 7% sequentially, driven by the continued ramp of RTX GPU workstations based on the Ada architecture. Finally, the Automotive segment saw record revenue, up 72% from a year ago and 30% sequentially, driven by self-driving platforms."
What were the key drivers of NVIDIA's overall growth this quarter?,5,"The key drivers of NVIDIA's overall growth this quarter were demand for the Hopper computing platform in the Data Center segment, sales of GeForce RTX 40 Series GPUs in the Gaming segment, continued ramp of RTX GPU workstations in the Professional Visualization segment, and growth in self-driving platforms in the Automotive segment."
